{
    "parent": "builtin/generated",
    "textures": {
        "layer0": "items/diamond_sword"
    },
    "display": {
        "thirdperson": {
            "rotation": [ 180, 90, -55 ],
            "translation": [ 0, 1.25, -3.5 ],
            "scale": [ 0.85, 0.85, 0.85 ]
        },
        "firstperson": {
            "rotation": [ 0, 45, 65 ],
            "translation": [ 0, 4, 2 ],
            "scale": [ 1.7, 1.7, 1.7 ]
        },
		"ground": {
            "rotation": [ 0, 10, 0 ],
            "translation": [ 0, 1, 0 ],
            "scale": [ 2.5, 2.5, 2.5 ]
		}
    }
}