{
    "parent": "builtin/generated",
    "textures": {
        "layer0": "items/apple_golden"
    },
    "display": {
        "thirdperson": {
            "rotation": [ -90, 0, 0 ],
            "translation": [ 0, 1, -3 ],
            "scale": [ 0.55, 0.55, 0.55 ]
        },
        "firstperson": {
            "rotation": [ 0, -135, 25 ],
            "translation": [ 0, 4, 2 ],
            "scale": [ 1.7, 1.7, 1.7 ]
        },
		"ground": {
            "rotation": [ 0, 10, 0 ],
            "translation": [ 0, 1, 0 ],
            "scale": [ 2, 2, 2 ]
		}
    }
}
