{
    "parent": "builtin/entity",
    "display": {
        "thirdperson": {
            "rotation": [ 180, -45, 0 ],
            "translation": [ 0, 1, -2.5 ],
            "scale": [ 0.55, 0.55, 0.55 ]
        },
        "firstperson": {
            "rotation": [ 0, -180, 0 ],
            "scale": [ 1, 1, 1 ]
        },
        "gui": {
            "rotation": [ 0, 180, 0 ],
            "scale": [ 0.85, 0.85, 0.85 ]
        },
		"ground": {
            "rotation": [ 0, 10, 0 ],
            "translation": [ 0, 1, 0 ],
            "scale": [ 2.5, 2.5, 2.5 ]
        }
    }
}
